Normal,Foil,Name,Set,Card Number,Color,Rarity,Price,Foil Price
9,2,"Ariel - On Human Legs",001,1,Amber,Uncommon,"€0.10","€0.49"
4,0,"Ariel - Spectacular Singer",001,2,Amber,Super Rare,"€4.52","€14.55"
12,0,"Cinderella - Gentle and Kind",001,3,Amber,Uncommon,"€0.10","€0.47"
9,0,"Goofy - Musketeer",001,4,Amber,Uncommon,"€0.15","€0.57"
6,2,"Hades - King of Olympus",001,5,Amber,Rare,"€0.24","€0.70"
7,0,"Hades - Lord of the Underworld",001,6,Amber,Rare,"€0.24","€3.30"
8,1,"HeiHei - Boat Snack",001,7,Amber,Common,"€0.09","€0.33"
9,1,"LeFou - Bumbler",001,8,Amber,Uncommon,"€0.10","€0.36"
4,0,"Lilo - Making a Wish",001,9,Amber,Rare,"€2.06","€5.77"
7,2,"Maximus - Palace Horse",001,10,Amber,Super Rare,"€0.33","€1.41"
9,0,"Maximus - Relentless Pursuer",001,11,Amber,Uncommon,"€0.10","€0.42"
12,2,"Mickey Mouse - True Friend",001,12,Amber,Uncommon,"€0.10","€0.40"
11,1,"Minnie Mouse - Beloved Princess",001,13,Amber,Common,"€0.09","€0.16"
5,1,"Moana - Of Motunui",001,14,Amber,Rare,"€0.23","€0.26"
7,1,"Mr. Smee - Loyal First Mate",001,15,Amber,Common,"€0.09","€0.16"
6,2,"Prince Phillip - Dragonslayer",001,16,Amber,Uncommon,"€0.12","€0.26"
11,1,"Pumbaa - Friendly Warthog",001,17,Amber,Common,"€0.10","€0.14"
3,0,"Rapunzel - Gifted with Healing",001,18,Amber,Legendary,"€42.72","€72.43"
10,1,"Sebastian - Court Composer",001,19,Amber,Common,"€0.10","€0.16"
10,0,"Simba - Protective Cub",001,20,Amber,Common,"€0.19","€1.00"
2,0,"Stitch - Carefree Surfer",001,21,Amber,Legendary,"€16.60","€40.50"
9,2,"Stitch - New Dog",001,22,Amber,Common,"€0.10","€0.31"
4,0,"Stitch - Rock Star",001,23,Amber,Super Rare,"€3.72","€9.28"
16,0,"Timon - Grub Rustler",001,24,Amber,Common,"€0.10","€0.22"
7,1,"Be Our Guest",001,25,Amber,Uncommon,"€0.15","€0.84"
9,1,"Control Your Temper!",001,26,Amber,Common,"€0.09","€0.14"
9,0,"Hakuna Matata",001,27,Amber,Common,"€0.09","€0.25"
9,2,"Healing Glow",001,28,Amber,Common,"€0.10","€0.14"
4,0,"Just in Time",001,29,Amber,Rare,"€0.33","€1.66"
4,0,"Part of Your World",001,30,Amber,Rare,"€0.19","€1.24"
8,0,"You Have Forgotten Me",001,31,Amber,Uncommon,"€0.22","€1.07"
11,2,"Dinglehopper",001,32,Amber,Common,"€0.10","€0.23"
7,0,"Lantern",001,33,Amber,Rare,"€0.17","€3.45"
4,0,"Ursula's Shell Necklace",001,34,Amber,Rare,"€0.31","€1.43"
5,2,"Anna - Heir to Arendelle",001,35,Amethyst,Uncommon,"€0.11","€0.26"
7,2,"Archimedes - Highly Educated Owl",001,36,Amethyst,Common,"€0.09","€0.22"
6,0,"Dr. Facilier - Agent Provocateur",001,37,Amethyst,Rare,"€0.15","€1.30"
11,0,"Dr. Facilier - Charlatan",001,38,Amethyst,Common,"€0.09","€0.33"
4,0,"Dr. Facilier - Remarkable Gentleman",001,39,Amethyst,Rare,"€0.23","€1.21"
12,0,"Elsa - Queen Regent",001,40,Amethyst,Common,"€0.09","€0.22"
12,1,"Elsa - Snow Queen",001,41,Amethyst,Uncommon,"€0.15","€0.92"
2,0,"Elsa - Spirit of Winter",001,42,Amethyst,Legendary,"€8.68","€38.38"
5,0,"Flotsam - Ursula's Spy",001,43,Amethyst,Rare,"€0.19","€1.21"
6,0,"Jafar - Keeper of Secrets",001,44,Amethyst,Rare,"€0.26","€1.93"
9,1,"Jafar - Wicked Sorcerer",001,45,Amethyst,Common,"€0.09","€0.16"
9,0,"Jetsam - Ursula's Spy",001,46,Amethyst,Common,"€0.09","€0.23"
12,1,"Magic Broom - Bucket Brigade",001,47,Amethyst,Common,"€0.11","€0.33"
6,0,"Maleficent - Biding Her Time",001,48,Amethyst,Rare,"€2.93","€5.37"
10,1,"Maleficent - Sorceress",001,49,Amethyst,Common,"€0.15","€0.81"
4,0,"Marshmallow - Persistent Guardian",001,50,Amethyst,Super Rare,"€0.31","€1.45"
4,2,"Mickey Mouse - Wayward Sorcerer",001,51,Amethyst,Super Rare,"€1.18","€1.76"
9,0,"Olaf - Friendly Snowman",001,52,Amethyst,Uncommon,"€0.11","€1.34"
7,0,"Pascal - Rapunzel's Companion",001,53,Amethyst,Uncommon,"€0.22","€1.53"
9,0,"Rafiki - Mysterious Sage",001,54,Amethyst,Uncommon,"€0.12","€0.65"
8,0,"Sven - Official Ice Deliverer",001,55,Amethyst,Uncommon,"€0.09","€0.27"
6,1,"The Queen - Wicked and Vain",001,56,Amethyst,Super Rare,"€0.27","€1.21"
9,0,"The Wardrobe - Belle's Confidant",001,57,Amethyst,Common,"€0.09","€0.14"
11,0,"Tinker Bell - Peter Pan's Ally",001,58,Amethyst,Common,"€0.09","€0.22"
4,0,"Ursula - Power Hungry",001,59,Amethyst,Legendary,"€4.21","€20.78"
9,3,"Yzma - Alchemist",001,60,Amethyst,Common,"€0.09","€0.14"
6,2,"Zeus - God of Lightning",001,61,Amethyst,Rare,"€0.33","€1.63"
6,0,"Befuddle",001,62,Amethyst,Uncommon,"€0.39","€1.43"
10,2,"Freeze",001,63,Amethyst,Common,"€0.09","€0.26"
12,1,"Friends on the Other Side",001,64,Amethyst,Common,"€0.23","€1.96"
11,0,"Reflection",001,65,Amethyst,Uncommon,"€0.11","€0.45"
5,3,"Magic Mirror",001,66,Amethyst,Rare,"€0.29","€1.13"
6,1,"Ursula's Cauldron",001,67,Amethyst,Uncommon,"€0.11","€0.25"
3,1,"White Rabbit's Pocket Watch",001,68,Amethyst,Rare,"€0.20","€1.37"
8,1,"Aladdin - Prince Ali",001,69,Emerald,Common,"€0.09","€0.16"
2,0,"Beast - Wolfsbane",001,70,Emerald,Legendary,"€3.17","€13.01"
9,1,"Cheshire Cat - Not All There",001,71,Emerald,Uncommon,"€0.20","€0.68"
2,2,"Cruella De Vil - Miserable as Usual",001,72,Emerald,Rare,"€0.19","€0.33"
10,0,"Duke of Weselton - Opportunistic Official",001,73,Emerald,Common,"€0.09","€0.22"
8,3,"Flynn Rider - Charming Rogue",001,74,Emerald,Uncommon,"€1.39","€3.63"
8,1,"Genie - On the Job",001,75,Emerald,Super Rare,"€0.58","€3.17"
4,0,"Genie - Powers Unleashed",001,76,Emerald,Rare,"€0.29","€1.21"
8,1,"Genie - The Ever Impressive",001,77,Emerald,Common,"€0.10","€0.23"
4,1,"Hans - Scheming Prince",001,78,Emerald,Rare,"€0.44","€1.43"
10,0,"Horace - No-Good Scoundrel",001,79,Emerald,Common,"€0.09","€0.16"
5,0,"Iago - Loud-Mouthed Parrot",001,80,Emerald,Rare,"€0.11","€0.97"
10,1,"Jasper - Common Crook",001,81,Emerald,Uncommon,"€0.10","€0.35"
2,0,"John Silver - Alien Pirate",001,82,Emerald,Legendary,"€2.91","€14.05"
7,0,"Jumba Jookiba - Renegade Scientist",001,83,Emerald,Uncommon,"€0.10","€0.24"
5,1,"Kuzco - Temperamental Emperor",001,84,Emerald,Rare,"€0.59","€4.98"
5,0,"Lady Tremaine - Wicked Stepmother",001,85,Emerald,Rare,"€0.22","€1.67"
10,1,"Mad Hatter - Gracious Host",001,86,Emerald,Uncommon,"€0.11","€0.51"
11,0,"Megara - Pulling the Strings",001,87,Emerald,Common,"€0.09","€0.21"
4,0,"Mickey Mouse - Artful Rogue",001,88,Emerald,Super Rare,"€0.29","€1.06"
11,0,"Mickey Mouse - Steamboat Pilot",001,89,Emerald,Common,"€0.09","€0.31"
3,1,"Mother Gothel - Selfish Manipulator",001,90,Emerald,Super Rare,"€0.45","€1.58"
9,2,"Peter Pan - Never Landing",001,91,Emerald,Common,"€0.09","€0.14"
10,0,"Tamatoa - Drab Little Crab",001,92,Emerald,Uncommon,"€0.10","€0.44"
8,3,"Tinker Bell - Most Helpful",001,93,Emerald,Common,"€0.11","€0.30"
4,0,"Do It Again!",001,94,Emerald,Rare,"€0.22","€0.69"
8,1,"Mother Knows Best",001,95,Emerald,Uncommon,"€0.11","€1.07"
9,2,"Stampede",001,96,Emerald,Common,"€0.09","€0.16"
7,1,"Steal from the Rich",001,97,Emerald,Rare,"€0.11","€0.84"
8,1,"Sudden Chill",001,98,Emerald,Common,"€0.12","€0.27"
7,0,"The Beast is Mine!",001,99,Emerald,Uncommon,"€0.10","€0.46"
9,1,"Vicious Betrayal",001,100,Emerald,Common,"€0.09","€0.19"
9,0,"Dr. Facilier's Cards",001,101,Emerald,Uncommon,"€0.10","€0.46"
11,1,"Stolen Scimitar",001,102,Emerald,Common,"€0.09","€0.14"
13,0,"Abu - Mischievous Monkey",001,103,Ruby,Common,"€0.09","€0.22"
4,1,"Aladdin - Heroic Outlaw",001,104,Ruby,Super Rare,"€0.25","€0.49"
9,2,"Aladdin - Street Rat",001,105,Ruby,Common,"€0.09","€0.21"
8,1,"Captain - Colonel's Lieutenant",001,106,Ruby,Uncommon,"€0.11","€0.20"
4,0,"Captain Hook - Ruthless Pirate",001,107,Ruby,Rare,"€0.21","€1.02"
9,2,"Donald Duck - Boisterous Fowl",001,108,Ruby,Uncommon,"€0.11","€0.51"
9,1,"Elsa - Ice Surfer",001,109,Ruby,Common,"€0.09","€0.14"
8,1,"Gaston - Arrogant Hunter",001,110,Ruby,Common,"€0.11","€0.21"
8,1,"Goofy - Daredevil",001,111,Ruby,Common,"€0.11","€0.21"
5,0,"LeFou - Instigator",001,112,Ruby,Rare,"€0.33","€2.25"
1,0,"Maleficent - Monstrous Dragon",001,113,Ruby,Legendary,"€35.01","€74.49"
5,1,"Maui - Hero to All",001,114,Ruby,Rare,"€12.83","€19.10"
5,0,"Mickey Mouse - Brave Little Tailor",001,115,Ruby,Legendary,"€4.93","€70.39"
10,1,"Minnie Mouse - Always Classy",001,116,Ruby,Common,"€0.13","€0.40"
9,0,"Moana - Chosen by the Ocean",001,117,Ruby,Uncommon,"€0.12","€0.40"
5,2,"Mulan - Imperial Soldier",001,118,Ruby,Super Rare,"€0.33","€0.65"
7,2,"Peter Pan - Fearless Fighter",001,119,Ruby,Common,"€0.09","€0.14"
9,0,"Pongo - Ol' Rascal",001,120,Ruby,Common,"€0.09","€0.24"
9,1,"Rapunzel - Letting Down Her Hair",001,121,Ruby,Uncommon,"€0.11","€0.38"
13,1,"Scar - Fiery Usurper",001,122,Ruby,Common,"€0.09","€0.16"
3,1,"Scar - Shameless Firebrand",001,123,Ruby,Rare,"€0.20","€1.25"
9,5,"Sergeant Tibbs - Courageous Cat",001,124,Ruby,Common,"€0.09","€0.16"
7,1,"Stitch - Abomination",001,125,Ruby,Rare,"€0.19","€2.32"
5,0,"Te Kā - The Burning One",001,126,Ruby,Super Rare,"€0.22","€0.54"
6,1,"Tigger - Wonderful Thing",001,127,Ruby,Uncommon,"€0.11","€0.57"
5,0,"Be Prepared",001,128,Ruby,Rare,"€6.83","€18.72"
8,0,"Cut to the Chase",001,129,Ruby,Uncommon,"€0.11","€0.40"
13,0,"Dragon Fire",001,130,Ruby,Uncommon,"€0.12","€0.62"
6,1,"Fan the Flames",001,131,Ruby,Uncommon,"€0.12","€0.32"
9,1,"He's Got a Sword!",001,132,Ruby,Common,"€0.09","€0.16"
10,4,"Tangle",001,133,Ruby,Common,"€0.09","€0.14"
7,0,"Poisoned Apple",001,134,Ruby,Rare,"€0.20","€1.17"
6,0,"Shield of Virtue",001,135,Ruby,Uncommon,"€0.12","€0.26"
5,1,"Sword of Truth",001,136,Ruby,Rare,"€0.23","€0.92"
5,0,"Ariel - Whoseit Collector",001,137,Sapphire,Rare,"€0.41","€2.07"
9,2,"Aurora - Briar Rose",001,138,Sapphire,Common,"€0.09","€0.23"
4,1,"Aurora - Dreaming Guardian",001,139,Sapphire,Super Rare,"€0.34","€0.47"
11,1,"Aurora - Regal Princess",001,140,Sapphire,Uncommon,"€0.11","€0.53"
8,1,"Belle - Inventive Engineer",001,141,Sapphire,Uncommon,"€0.11","€0.37"
3,0,"Belle - Strange but Special",001,142,Sapphire,Legendary,"€26.07","€57.67"
7,1,"Chief Tui - Respected Leader",001,143,Sapphire,Uncommon,"€0.12","€0.46"
8,1,"Donald Duck - Strutting His Stuff",001,144,Sapphire,Common,"€0.09","€0.21"
13,1,"Flounder - Voice of Reason",001,145,Sapphire,Common,"€0.09","€0.19"
10,0,"Gramma Tala - Storyteller",001,146,Sapphire,Uncommon,"€0.18","€1.81"
0,0,"Hades - Infernal Schemer",001,147,Sapphire,Legendary,"€8.85","€36.97"
9,0,"Jasmine - Disguised",001,148,Sapphire,Common,"€0.09","€0.14"
4,0,"Jasmine - Queen of Agrabah",001,149,Sapphire,Rare,"€0.30","€2.10"
10,0,"Maleficent - Sinister Visitor",001,150,Sapphire,Common,"€0.09","€0.21"
6,0,"Maleficent - Uninvited",001,151,Sapphire,Rare,"€0.17","€1.63"
4,2,"Maurice - World-Famous Inventor",001,152,Sapphire,Rare,"€0.26","€1.40"
9,0,"Merlin - Self-Appointed Mentor",001,153,Sapphire,Common,"€0.09","€0.34"
11,0,"Mickey Mouse - Detective",001,154,Sapphire,Common,"€0.12","€0.51"
10,0,"Mufasa - King of the Pride Lands",001,155,Sapphire,Common,"€0.09","€0.14"
8,1,"Philoctetes - Trainer of Heroes",001,156,Sapphire,Common,"€0.11","€0.21"
3,0,"Robin Hood - Unrivaled Archer",001,157,Sapphire,Super Rare,"€0.33","€2.17"
6,0,"Scar - Mastermind",001,158,Sapphire,Rare,"€0.15","€1.12"
6,0,"Tamatoa - So Shiny!",001,159,Sapphire,Super Rare,"€9.75","€23.78"
9,0,"Triton - The Sea King",001,160,Sapphire,Uncommon,"€0.12","€0.53"
12,0,"Develop Your Brain",001,161,Sapphire,Common,"€0.11","€0.68"
4,0,"If it's Not Baroque",001,162,Sapphire,Rare,"€0.15","€1.06"
5,1,"Let It Go",001,163,Sapphire,Rare,"€0.91","€7.08"
7,1,"One Jump Ahead",001,164,Sapphire,Uncommon,"€0.15","€11.46"
8,1,"Work Together",001,165,Sapphire,Common,"€0.09","€0.21"
9,3,"Coconut Basket",001,166,Sapphire,Uncommon,"€0.09","€0.28"
7,2,"Eye of the Fates",001,167,Sapphire,Uncommon,"€0.12","€0.73"
7,1,"Fishbone Quill",001,168,Sapphire,Rare,"€11.79","€16.47"
10,1,"Magic Golden Flower",001,169,Sapphire,Common,"€0.09","€0.16"
8,0,"Scepter of Arendelle",001,170,Sapphire,Uncommon,"€0.12","€0.54"
9,1,"Aladdin - Cornered Swordsman",001,171,Steel,Common,"€0.10","€0.14"
11,0,"Beast - Hardheaded",001,172,Steel,Uncommon,"€0.10","€0.44"
4,0,"Captain Hook - Captain of the Jolly Roger",001,173,Steel,Rare,"€0.33","€0.44"
9,2,"Captain Hook - Forceful Duelist",001,174,Steel,Common,"€0.11","€0.63"
4,0,"Captain Hook - Thinking a Happy Thought",001,175,Steel,Rare,"€0.33","€2.66"
9,0,"Cerberus - Three-Headed Dog",001,176,Steel,Common,"€0.09","€0.16"
6,1,"Donald Duck - Musketeer",001,177,Steel,Uncommon,"€0.11","€0.58"
3,0,"Gantu - Galactic Federation Captain",001,178,Steel,Legendary,"€2.12","€13.53"
8,3,"Goons - Maleficent's Underlings",001,179,Steel,Common,"€0.09","€0.14"
4,0,"Hans - Thirteenth in Line",001,180,Steel,Super Rare,"€0.33","€2.13"
10,1,"Hercules - True Hero",001,181,Steel,Common,"€0.10","€0.22"
10,1,"Kristoff - Official Ice Master",001,182,Steel,Common,"€0.09","€0.19"
9,0,"Kronk - Right-Hand Man",001,183,Steel,Uncommon,"€0.10","€0.28"
11,0,"Lilo - Galactic Hero",001,184,Steel,Uncommon,"€0.10","€0.39"
5,0,"Maui - Demigod",001,185,Steel,Rare,"€0.15","€0.83"
6,1,"Mickey Mouse - Musketeer",001,186,Steel,Rare,"€0.33","€1.33"
10,0,"Prince Eric - Dashing and Brave",001,187,Steel,Common,"€0.09","€0.22"
6,2,"Simba - Future King",001,188,Steel,Common,"€0.10","€0.35"
4,1,"Simba - Returned King",001,189,Steel,Rare,"€0.20","€0.34"
7,1,"Simba - Rightful Heir",001,190,Steel,Uncommon,"€0.10","€0.45"
6,0,"Starkey - Hook's Henchman",001,191,Steel,Uncommon,"€0.11","€0.51"
4,0,"Te Kā - Heartless",001,192,Steel,Legendary,"€2.63","€15.48"
4,0,"Tinker Bell - Giant Fairy",001,193,Steel,Super Rare,"€9.68","€18.06"
10,0,"Tinker Bell - Tiny Tactician",001,194,Steel,Common,"€0.10","€0.34"
6,1,"A Whole New World",001,195,Steel,Super Rare,"€12.39","€19.22"
8,2,"Break",001,196,Steel,Common,"€0.09","€0.24"
10,0,"Fire the Cannons!",001,197,Steel,Common,"€0.10","€0.29"
6,0,"Grab Your Sword",001,198,Steel,Rare,"€3.16","€9.71"
9,1,"Ransack",001,199,Steel,Uncommon,"€0.10","€0.35"
10,1,"Smash",001,200,Steel,Uncommon,"€0.15","€1.07"
9,2,"Beast's Mirror",001,201,Steel,Common,"€0.10","€0.17"
8,0,"Frying Pan",001,202,Steel,Uncommon,"€0.09","€0.26"
4,1,"Musketeer Tabard",001,203,Steel,Rare,"€0.32","€1.23"
4,0,"Plasma Blaster",001,204,Steel,Rare,"€0.20","€1.01"
5,0,"Bashful - Hopeless Romantic",002,1,Amber,Uncommon,"€0.09","€0.17"
4,0,"Christopher Robin - Adventurer",002,2,Amber,Rare,"€0.15","€0.42"
4,0,"Cinderella - Ballroom Sensation",002,3,Amber,Rare,"€1.31","€5.88"
2,0,"Cobra Bubbles - Just a Social Worker",002,4,Amber,Rare,"€0.17","€0.46"
10,0,"Doc - Leader of the Seven Dwarfs",002,5,Amber,Uncommon,"€0.15","€0.58"
6,0,"Dopey - Always Playful",002,6,Amber,Uncommon,"€0.09","€0.15"
7,0,"Eudora - Accomplished Seamstress",002,7,Amber,Common,"€0.09","€0.11"
8,0,"Gaston - Baritone Bully",002,8,Amber,Uncommon,"€0.09","€0.26"
4,1,"Grand Duke - Advisor to the King",002,9,Amber,Rare,"€0.12","€0.54"
12,0,"Grumpy - Bad-Tempered",002,10,Amber,Common,"€0.09","€0.16"
10,1,"Happy - Good-Natured",002,11,Amber,Common,"€0.09","€0.15"
4,0,"King Louie - Jungle VIP",002,12,Amber,Super Rare,"€0.15","€0.22"
3,1,"Mickey Mouse - Friendly Face",002,13,Amber,Super Rare,"€0.19","€0.88"
2,0,"Mufasa - Betrayed Leader",002,14,Amber,Legendary,"€10.44","€26.00"
10,1,"Mulan - Free Spirit",002,15,Amber,Common,"€0.09","€0.14"
3,1,"Mulan - Reflecting",002,16,Amber,Rare,"€0.22","€0.51"
7,1,"Nana - Darling Family Pet",002,17,Amber,Uncommon,"€0.09","€0.15"
11,1,"Piglet - Very Small Animal",002,18,Amber,Common,"€0.09","€0.17"
5,0,"Rapunzel - Gifted Artist",002,19,Amber,Uncommon,"€0.14","€0.15"
12,1,"Rapunzel - Sunshine",002,20,Amber,Common,"€0.09","€0.15"
10,0,"Sleepy - Nodding Off",002,21,Amber,Common,"€0.10","€0.14"
11,0,"Sneezy - Very Allergic",002,22,Amber,Common,"€0.09","€0.13"
9,0,"Snow White - Lost in the Forest",002,23,Amber,Common,"€0.09","€0.15"
5,0,"Snow White - Unexpected Houseguest",002,24,Amber,Uncommon,"€0.11","€0.38"
3,0,"Snow White - Well Wisher",002,25,Amber,Legendary,"€4.41","€12.94"
3,1,"The Queen - Commanding Presence",002,26,Amber,Super Rare,"€1.02","€1.06"
12,1,"The Queen - Regal Monarch",002,27,Amber,Common,"€0.09","€0.27"
9,1,"Hold Still",002,28,Amber,Common,"€0.09","€0.15"
6,1,"Last Stand",002,29,Amber,Uncommon,"€0.09","€0.15"
9,0,"Painting the Roses Red",002,30,Amber,Common,"€0.09","€0.12"
2,0,"World's Greatest Criminal Mind",002,31,Amber,Rare,"€0.23","€1.50"
6,0,"Zero to Hero",002,32,Amber,Uncommon,"€0.09","€0.15"
3,0,"Dragon Gem",002,33,Amber,Rare,"€0.15","€0.26"
3,0,"Sleepy's Flute",002,34,Amber,Rare,"€0.54","€3.08"
2,1,"Arthur - Wizard's Apprentice",002,35,Amethyst,Super Rare,"€1.31","€2.58"
5,1,"Blue Fairy - Rewarding Good Deeds",002,36,Amethyst,Uncommon,"€0.15","€0.45"
13,1,"Chip the Teacup - Gentle Soul",002,37,Amethyst,Common,"€0.10","€0.15"
10,0,"Dr. Facilier - Savvy Opportunist",002,38,Amethyst,Common,"€0.09","€0.09"
8,1,"Elsa - Gloves Off",002,39,Amethyst,Common,"€0.09","€0.26"
5,0,"Fairy Godmother - Here to Help",002,40,Amethyst,Uncommon,"€0.09","€0.21"
2,0,"Fairy Godmother - Mystic Armorer",002,41,Amethyst,Legendary,"€3.43","€11.10"
8,2,"Fairy Godmother - Pure Heart",002,42,Amethyst,Common,"€0.09","€0.12"
9,0,"HeiHei - Persistent Presence",002,43,Amethyst,Uncommon,"€0.09","€0.26"
8,1,"Jiminy Cricket - Pinocchio's Conscience",002,44,Amethyst,Common,"€0.09","€0.15"
13,1,"Kuzco - Wanted Llama",002,45,Amethyst,Common,"€0.09","€0.27"
3,1,"Madam Mim - Fox",002,46,Amethyst,Rare,"€6.39","€14.05"
0,0,"Madam Mim - Purple Dragon",002,47,Amethyst,Legendary,"€3.66","€11.17"
3,1,"Madam Mim - Rival of Merlin",002,48,Amethyst,Rare,"€0.17","€1.22"
9,0,"Madam Mim - Snake",002,49,Amethyst,Uncommon,"€0.22","€2.14"
8,0,"Merlin - Crab",002,50,Amethyst,Common,"€0.10","€0.47"
8,0,"Merlin - Goat",002,51,Amethyst,Uncommon,"€0.24","€1.57"
5,0,"Merlin - Rabbit",002,52,Amethyst,Rare,"€4.20","€13.55"
3,2,"Merlin - Shapeshifter",002,53,Amethyst,Rare,"€0.15","€0.15"
14,0,"Merlin - Squirrel",002,54,Amethyst,Common,"€0.09","€0.12"
5,0,"Peter Pan's Shadow - Not Sewn On",002,55,Amethyst,Super Rare,"€0.15","€1.31"
3,1,"Pinocchio - Star Attraction",002,56,Amethyst,Rare,"€1.32","€2.64"
3,1,"Pinocchio - On the Run",002,57,Amethyst,Uncommon,"€0.12","€0.22"
7,0,"Pinocchio - Talkative Puppet",002,58,Amethyst,Uncommon,"€0.16","€0.87"
8,0,"Winnie the Pooh - Hunny Wizard",002,59,Amethyst,Common,"€0.09","€0.12"
3,1,"Yzma - Scary Beyond All Reason",002,60,Amethyst,Super Rare,"€0.83","€2.66"
5,0,"Yzma - Without Beauty Sleep",002,61,Amethyst,Uncommon,"€0.09","€0.26"
0,0,"Gruesome and Grim",002,62,Amethyst,Rare,"€0.15","€0.69"
9,0,"I'm Stuck!",002,63,Amethyst,Common,"€0.09","€0.15"
5,0,"Legend of the Sword in the Stone",002,64,Amethyst,Common,"€0.09","€0.15"
7,1,"Binding Contract",002,65,Amethyst,Uncommon,"€0.09","€0.15"
7,0,"Croquet Mallet",002,66,Amethyst,Common,"€0.09","€0.15"
1,1,"Perplexing Signposts",002,67,Amethyst,Rare,"€0.15","€0.26"
2,0,"The Sorcerer's Spellbook",002,68,Amethyst,Rare,"€0.54","€2.00"
8,0,"Arthur - Trained Swordsman",002,69,Emerald,Common,"€0.09","€0.12"
4,0,"Beast - Relentless",002,70,Emerald,Legendary,"€6.26","€16.61"
4,1,"Belle - Bookworm",002,71,Emerald,Uncommon,"€0.10","€0.32"
0,0,"Belle - Hidden Archer",002,72,Emerald,Legendary,"€6.04","€13.30"
6,0,"Bucky - Squirrel Squeak Tutor",002,73,Emerald,Uncommon,"€0.24","€0.61"
5,1,"Cheshire Cat - Always Grinning",002,74,Emerald,Uncommon,"€0.09","€0.17"
2,0,"Cheshire Cat - From the Shadows",002,75,Emerald,Super Rare,"€0.17","€0.86"
7,0,"Daisy Duck - Secret Agent",002,76,Emerald,Uncommon,"€0.17","€0.20"
4,0,"Donald Duck - Perfect Gentleman",002,77,Emerald,Uncommon,"€0.12","€0.64"
9,0,"Donald Duck - Sleepwalker",002,78,Emerald,Common,"€0.09","€0.15"
2,1,"Dr. Facilier - Fortune Teller",002,79,Emerald,Super Rare,"€0.15","€0.63"
7,1,"Enchantress - Unexpected Judge",002,80,Emerald,Common,"€0.09","€0.14"
9,0,"Flynn Rider - Confident Vagabond",002,81,Emerald,Common,"€0.12","€0.22"
1,2,"Flynn Rider - His Own Biggest Fan",002,82,Emerald,Rare,"€0.69","€2.08"
7,2,"Gaston - Scheming Suitor",002,83,Emerald,Common,"€0.09","€0.17"
3,0,"Little John - Loyal Friend",002,84,Emerald,Rare,"€0.17","€0.18"
2,0,"Lucifer - Cunning Cat",002,85,Emerald,Rare,"€0.15","€1.05"
5,2,"Pain - Underworld Imp",002,86,Emerald,Uncommon,"€0.09","€0.15"
8,0,"Panic - Underworld Imp",002,87,Emerald,Common,"€0.09","€0.13"
3,0,"Pete - Bad Guy",002,88,Emerald,Rare,"€0.20","€1.08"
4,0,"Prince John - Greediest of All",002,89,Emerald,Rare,"€2.17","€4.64"
7,0,"Queen of Hearts - Quick-Tempered",002,90,Emerald,Common,"€0.09","€0.15"
6,1,"Ratigan - Criminal Mastermind",002,91,Emerald,Common,"€0.09","€0.15"
7,0,"Ray - Easygoing Firefly",002,92,Emerald,Common,"€0.09","€0.14"
0,0,"The Queen - Disguised Peddler",002,93,Emerald,Super Rare,"€0.19","€0.57"
6,1,"Tiana - True Princess",002,94,Emerald,Uncommon,"€0.09","€0.14"
8,0,"Virana - Fang Chief",002,95,Emerald,Common,"€0.09","€0.09"
2,3,"Bibbidi Bobbidi Boo",002,96,Emerald,Rare,"€0.23","€0.40"
4,0,"Bounce",002,97,Emerald,Uncommon,"€0.12","€0.15"
12,1,"Hypnotize",002,98,Emerald,Common,"€0.10","€0.25"
14,1,"Improvise",002,99,Emerald,Common,"€0.09","€0.14"
2,0,"Pack Tactics",002,100,Emerald,Rare,"€0.17","€0.86"
8,1,"Ring the Bell",002,101,Emerald,Uncommon,"€0.10","€0.15"
4,0,"Ratigan's Marvelous Trap",002,102,Emerald,Rare,"€0.15","€0.30"
7,1,"Baloo - Fun-Loving Bear",002,103,Ruby,Common,"€0.09","€0.11"
7,0,"Boun - Precocious Entrepreneur",002,104,Ruby,Common,"€0.09","€0.11"
6,1,"Card Soldiers - Full Deck",002,105,Ruby,Uncommon,"€0.10","€0.14"
2,0,"Donald Duck - Not Again!",002,106,Ruby,Legendary,"€2.66","€10.91"
9,0,"Felicia - Always Hungry",002,107,Ruby,Common,"€0.09","€0.14"
6,0,"Fidget - Ratigan's Henchman",002,108,Ruby,Common,"€0.08","€0.15"
3,0,"Honest John - Not That Honest",002,109,Ruby,Rare,"€0.15","€0.22"
3,0,"Lady Tremaine - Imperious Queen",002,110,Ruby,Super Rare,"€2.52","€4.29"
9,1,"Lady Tremaine - Overbearing Matriarch",002,111,Ruby,Common,"€0.08","€0.12"
4,0,"Lumiere - Hotheaded Candelabra",002,112,Ruby,Rare,"€0.15","€0.28"
6,0,"Minnie Mouse - Stylish Surfer",002,113,Ruby,Uncommon,"€0.23","€1.53"
3,0,"Minnie Mouse - Wide-Eyed Diver",002,114,Ruby,Rare,"€0.15","€0.69"
11,0,"Minnie Mouse - Zipping Around",002,115,Ruby,Common,"€0.09","€0.15"
6,0,"Mother Gothel - Withered and Wicked",002,116,Ruby,Uncommon,"€0.15","€0.53"
10,1,"Mulan - Soldier in Training",002,117,Ruby,Common,"€0.09","€0.15"
3,0,"Namaari - Nemesis",002,118,Ruby,Super Rare,"€0.15","€0.69"
5,0,"Queen of Hearts - Impulsive Ruler",002,119,Ruby,Uncommon,"€0.17","€0.79"
5,0,"Queen of Hearts - Sensing Weakness",002,120,Ruby,Uncommon,"€0.15","€0.57"
4,0,"Ratigan - Very Large Mouse",002,121,Ruby,Rare,"€0.12","€0.15"
7,0,"Raya - Headstrong",002,122,Ruby,Common,"€0.08","€0.15"
4,0,"Raya - Leader of Heart",002,123,Ruby,Super Rare,"€0.17","€0.26"
4,0,"Raya - Warrior of Kumandra",002,124,Ruby,Uncommon,"€0.09","€0.15"
1,0,"Scar - Vicious Cheater",002,125,Ruby,Legendary,"€9.01","€20.15"
2,1,"Shere Khan - Menacing Predator",002,126,Ruby,Rare,"€0.71","€1.07"
8,2,"Tigger - One of a Kind",002,127,Ruby,Common,"€0.08","€0.15"
2,0,"Tuk Tuk - Wrecking Ball",002,128,Ruby,Rare,"€0.15","€0.26"
5,2,"Go the Distance",002,129,Ruby,Common,"€0.08","€0.15"
4,0,"Teeth and Ambitions",002,130,Ruby,Rare,"€0.96","€3.85"
6,0,"The Most Diabolical Scheme",002,131,Ruby,Uncommon,"€0.09","€0.14"
10,1,"What Did You Call Me?",002,132,Ruby,Common,"€0.08","€0.11"
4,1,"You Can Fly!",002,133,Ruby,Uncommon,"€0.08","€0.29"
1,0,"Dinner Bell",002,134,Ruby,Rare,"€0.15","€0.15"
8,1,"Peter Pan's Dagger",002,135,Ruby,Common,"€0.08","€0.15"
7,0,"Sword in the Stone",002,136,Ruby,Uncommon,"€0.08","€0.14"
0,0,"Alice - Growing Girl",002,137,Sapphire,Legendary,"€5.19","€16.50"
4,0,"Basil - Great Mouse Detective",002,138,Sapphire,Super Rare,"€0.17","€0.38"
8,0,"Basil - Of Baker Street",002,139,Sapphire,Common,"€0.09","€0.09"
12,1,"Basil - Perceptive Investigator",002,140,Sapphire,Common,"€0.09","€0.15"
6,1,"Caterpillar - Calm and Collected",002,141,Sapphire,Uncommon,"€0.12","€0.26"
1,0,"Cogsworth - Grandfather Clock",002,142,Sapphire,Super Rare,"€2.08","€5.89"
9,0,"Cogsworth - Talking Clock",002,143,Sapphire,Uncommon,"€0.12","€0.20"
13,0,"Cruella De Vil - Fashionable Cruiser",002,144,Sapphire,Common,"€0.09","€0.12"
4,0,"Cruella De Vil - Perfectly Wretched",002,145,Sapphire,Uncommon,"€0.10","€0.26"
8,1,"Duke Weaselton - Small-Time Crook",002,146,Sapphire,Common,"€0.09","€0.15"
3,1,"Gaston - Intellectual Powerhouse",002,147,Sapphire,Rare,"€0.22","€0.46"
4,0,"Grand Pabbie - Oldest and Wisest",002,148,Sapphire,Super Rare,"€0.15","€0.54"
3,1,"Hiram Flaversham - Toymaker",002,149,Sapphire,Rare,"€3.17","€17.57"
6,0,"James - Role Model",002,150,Sapphire,Common,"€0.09","€0.12"
8,0,"Jasmine - Heir of Agrabah",002,151,Sapphire,Common,"€0.09","€0.15"
8,1,"Judy Hopps - Optimistic Officer",002,152,Sapphire,Uncommon,"€0.12","€0.55"
1,0,"Mrs. Judson - Housekeeper",002,153,Sapphire,Rare,"€0.13","€0.24"
6,1,"Nick Wilde - Wily Fox",002,154,Sapphire,Uncommon,"€0.17","€0.42"
2,0,"Noi - Orphaned Thief",002,155,Sapphire,Rare,"€0.15","€1.30"
12,3,"Owl - Logical Lecturer",002,156,Sapphire,Common,"€0.09","€0.11"
4,0,"Prince Charming - Heir to the Throne",002,157,Sapphire,Rare,"€0.17","€0.26"
8,2,"Rabbit - Reluctant Host",002,158,Sapphire,Common,"€0.09","€0.09"
3,1,"Sisu - Divine Water Dragon",002,159,Sapphire,Legendary,"€2.86","€9.83"
14,1,"The Nokk - Water Spirit",002,160,Sapphire,Common,"€0.09","€0.15"
4,0,"Winnie the Pooh - Having a Think",002,161,Sapphire,Rare,"€0.15","€1.07"
1,0,"Falling Down the Rabbit Hole",002,162,Sapphire,Rare,"€0.14","€0.48"
7,0,"Four Dozen Eggs",002,163,Sapphire,Uncommon,"€0.09","€0.16"
7,0,"Launch",002,164,Sapphire,Uncommon,"€0.09","€0.15"
7,0,"Nothing to Hide",002,165,Sapphire,Common,"€0.09","€0.15"
9,0,"Fang Crossbow",002,166,Sapphire,Uncommon,"€0.09","€0.17"
9,0,"Gumbo Pot",002,167,Sapphire,Common,"€0.10","€0.15"
4,1,"Maurice's Workshop",002,168,Sapphire,Rare,"€0.15","€0.62"
11,0,"Pawpsicle",002,169,Sapphire,Common,"€0.18","€2.11"
5,0,"Sardine Can",002,170,Sapphire,Uncommon,"€0.09","€0.15"
9,1,"Beast - Forbidding Recluse",002,171,Steel,Common,"€0.09","€0.16"
2,0,"Beast - Selfless Protector",002,172,Steel,Super Rare,"€0.15","€0.42"
4,0,"Beast - Tragic Hero",002,173,Steel,Legendary,"€54.98","€54.58"
10,0,"Benja - Guardian of the Dragon Gem",002,174,Steel,Common,"€0.09","€0.25"
3,1,"Chief Bogo - Respected Officer",002,175,Steel,Rare,"€0.17","€0.57"
13,1,"Cinderella - Knight in Training",002,176,Steel,Common,"€0.09","€0.17"
2,1,"Cinderella - Stouthearted",002,177,Steel,Super Rare,"€2.06","€4.28"
7,0,"Donald Duck - Deep-Sea Diver",002,178,Steel,Common,"€0.09","€0.15"
4,0,"Eli La Bouff - Big Daddy",002,179,Steel,Uncommon,"€0.09","€0.14"
3,0,"Goofy - Knight for a Day",002,180,Steel,Rare,"€0.15","€0.54"
2,0,"Hercules - Divine Hero",002,181,Steel,Rare,"€0.36","€1.15"
12,0,"Hercules - Hero in Training",002,182,Steel,Common,"€0.09","€0.14"
5,0,"Jafar - Dreadnought",002,183,Steel,Uncommon,"€0.16","€2.43"
8,0,"Jafar - Royal Vizier",002,184,Steel,Common,"€0.10","€0.26"
2,0,"Kronk - Junior Chipmunk",002,185,Steel,Rare,"€0.15","€0.26"
8,1,"Lawrence - Jealous Manservant",002,186,Steel,Uncommon,"€0.09","€0.16"
8,0,"Li Shang - Archery Instructor",002,187,Steel,Uncommon,"€0.10","€0.12"
14,2,"Magic Broom - Industrial Model",002,188,Steel,Common,"€0.09","€0.21"
0,0,"Namaari - Morning Mist",002,189,Steel,Legendary,"€2.85","€7.10"
6,0,"Pacha - Village Leader",002,190,Steel,Uncommon,"€0.09","€0.14"
11,1,"Prince Naveen - Penniless Royal",002,191,Steel,Common,"€0.09","€0.09"
1,0,"Queen of Hearts - Capricious Monarch",002,192,Steel,Rare,"€0.15","€0.69"
6,0,"Robin Hood - Capable Fighter",002,193,Steel,Uncommon,"€0.15","€0.49"
5,0,"The Huntsman - Reluctant Enforcer",002,194,Steel,Rare,"€0.15","€0.20"
7,1,"The Prince - Never Gives Up",002,195,Steel,Uncommon,"€0.12","€0.38"
4,1,"Tiana - Celebrating Princess",002,196,Steel,Super Rare,"€0.15","€0.22"
11,1,"Tiana - Diligent Waitress",002,197,Steel,Common,"€0.09","€0.11"
11,0,"Charge!",002,198,Steel,Common,"€0.09","€0.15"
10,0,"Let the Storm Rage On",002,199,Steel,Common,"€0.17","€1.08"
10,0,"Pick a Fight",002,200,Steel,Uncommon,"€0.10","€0.15"
5,0,"Strength of a Raging Fire",002,201,Steel,Rare,"€5.03","€4.85"
7,2,"Last Cannon",002,202,Steel,Common,"€0.09","€0.14"
8,0,"Mouse Armor",002,203,Steel,Uncommon,"€0.09","€0.24"
2,0,"Weight Set",002,204,Steel,Rare,"€0.12","€0.27"
3,1,"Baloo - von Bruinwald XIII",003,1,Amber,Rare,"€0.35","€1.22"
4,0,"Bernard - Brand-New Agent",003,2,Amber,Rare,"€0.11","€0.61"
4,0,"Chernabog - Evildoer",003,3,Amber,Super Rare,"€0.15","€2.04"
2,1,"Dalmatian Puppy - Tail Wagger",003,4,Amber,Common,"€0.39","€0.64"
1,0,"Dalmatian Puppy - Tail Wagger",003,4,Amber,Common,"€0.42","€0.73"
3,1,"Dalmatian Puppy - Tail Wagger",003,4,Amber,Common,"€0.42","€0.69"
3,0,"Dalmatian Puppy - Tail Wagger",003,4,Amber,Common,"€0.45","€0.77"
3,0,"Dalmatian Puppy - Tail Wagger",003,4,Amber,Common,"€0.14","€0.14"
5,0,"Joshua Sweet - The Doctor",003,5,Amber,Common,"€0.09","€0.17"
10,1,"Kida - Atlantean",003,6,Amber,Common,"€0.09","€0.14"
4,0,"Kida - Protector of Atlantis",003,7,Amber,Legendary,"€9.37","€12.45"
4,0,"Lucky - The 15th Puppy",003,8,Amber,Rare,"€0.15","€0.57"
4,0,"Minnie Mouse - Musical Artist",003,9,Amber,Rare,"€0.10","€0.47"
8,0,"Miss Bianca - Rescue Aid Society Agent",003,10,Amber,Common,"€0.09","€0.19"
5,2,"Mr. Snoops - Inept Businessman",003,11,Amber,Common,"€0.09","€0.21"
7,0,"Nani - Protective Sister",003,12,Amber,Uncommon,"€0.09","€0.33"
8,2,"Orville - Ace Pilot",003,13,Amber,Common,"€0.09","€0.14"
10,0,"Patch - Intimidating Pup",003,14,Amber,Common,"€0.09","€0.14"
1,0,"Perdita - Devoted Mother",003,15,Amber,Legendary,"€4.80","€10.80"
4,0,"Piglet - Pooh Pirate Captain",003,16,Amber,Super Rare,"€0.70","€2.08"
4,0,"Pluto - Determined Defender",003,17,Amber,Rare,"€0.15","€1.02"
8,0,"Pluto - Friendly Pooch",003,18,Amber,Uncommon,"€0.09","€0.70"
2,1,"Pongo - Determined Father",003,19,Amber,Super Rare,"€0.26","€0.48"
4,0,"Queen of Hearts - Wonderland Empress",003,20,Amber,Uncommon,"€0.09","€0.27"
13,1,"Rolly - Hungry Pup",003,21,Amber,Uncommon,"€0.09","€0.27"
9,1,"Tinker Bell - Generous Fairy",003,22,Amber,Uncommon,"€0.09","€0.29"
7,0,"Wendy Darling - Talented Sailor",003,23,Amber,Uncommon,"€0.09","€0.22"
5,0,"99 Puppies",003,24,Amber,Uncommon,"€0.09","€0.14"
9,0,"Boss's Orders",003,25,Amber,Common,"€0.09","€0.17"
6,0,"Heal What Has Been Hurt",003,26,Amber,Common,"€0.09","€0.14"
6,1,"Quick Patch",003,27,Amber,Common,"€0.09","€0.15"
4,0,"The Bare Necessities",003,28,Amber,Rare,"€1.33","€3.07"
8,1,"Cleansing Rainwater",003,29,Amber,Common,"€0.09","€0.14"
2,0,"Heart of Atlantis",003,30,Amber,Rare,"€0.15","€0.67"
6,0,"Wildcat's Wrench",003,31,Amber,Uncommon,"€0.09","€0.22"
7,0,"Never Land - Mermaid Lagoon",003,32,Amber,Common,"€0.09","€0.14"
4,0,"Pride Lands - Pride Rock",003,33,Amber,Rare,"€0.18","€1.95"
4,0,"Tiana's Palace - Jazz Restaurant",003,34,Amber,Uncommon,"€0.09","€0.28"
2,1,"Alice - Tea Alchemist",003,35,Amethyst,Super Rare,"€0.14","€1.12"
7,2,"Chernabog's Followers - Creatures of Evil",003,36,Amethyst,Uncommon,"€0.31","€0.76"
8,0,"Diablo - Faithful Pet",003,37,Amethyst,Common,"€0.09","€0.15"
4,0,"Genie - Supportive Friend",003,38,Amethyst,Super Rare,"€0.17","€1.08"
5,0,"Hydros - Ice Titan",003,39,Amethyst,Uncommon,"€0.10","€0.30"
5,2,"Iago - Pretty Polly",003,40,Amethyst,Common,"€0.09","€0.14"
4,0,"Jafar - Lamp Thief",003,41,Amethyst,Uncommon,"€0.09","€0.27"
0,0,"Jafar - Striking Illusionist",003,42,Amethyst,Legendary,"€8.91","€13.34"
7,0,"Lena Sabrewing - Rebellious Teenager",003,43,Amethyst,Common,"€0.09","€0.14"
7,0,"Magic Broom - Dancing Duster",003,44,Amethyst,Uncommon,"€0.09","€0.24"
10,1,"Magic Broom - Swift Cleaner",003,45,Amethyst,Common,"€0.09","€0.14"
5,1,"Magic Broom - The Big Sweeper",003,46,Amethyst,Common,"€0.09","€0.19"
6,1,"Magic Carpet - Flying Rug",003,47,Amethyst,Common,"€0.09","€0.15"
6,0,"Magica De Spell - Ambitious Witch",003,48,Amethyst,Common,"€0.09","€0.15"
2,0,"Magica De Spell - The Midas Touch",003,49,Amethyst,Super Rare,"€0.15","€0.68"
6,1,"Magica De Spell - Thieving Sorceress",003,50,Amethyst,Uncommon,"€0.09","€0.31"
2,1,"Maleficent - Mistress of All Evil",003,51,Amethyst,Legendary,"€3.95","€5.58"
3,0,"Mama Odie - Voice of Wisdom",003,52,Amethyst,Uncommon,"€0.09","€0.15"
9,2,"Pua - Potbellied Buddy",003,53,Amethyst,Common,"€0.09","€0.14"
2,0,"Rafiki - Mystical Fighter",003,54,Amethyst,Rare,"€0.96","€3.34"
4,1,"Stratos - Tornado Titan",003,55,Amethyst,Rare,"€0.15","€0.55"
6,1,"The Firebird - Force of Destruction",003,56,Amethyst,Common,"€0.09","€0.15"
7,0,"The Queen - Hateful Rival",003,57,Amethyst,Common,"€0.09","€0.16"
4,0,"Treasure Guardian - Protector of the Cave",003,58,Amethyst,Rare,"€0.09","€0.55"
4,0,"Ursula - Sea Witch",003,59,Amethyst,Rare,"€0.15","€0.35"
7,0,"Bestow a Gift",003,60,Amethyst,Common,"€0.09","€0.18"
4,1,"It Calls Me",003,61,Amethyst,Uncommon,"€0.09","€0.26"
7,0,"Last-Ditch Effort",003,62,Amethyst,Uncommon,"€0.09","€0.14"
3,1,"The Boss Is On A Roll",003,63,Amethyst,Rare,"€0.15","€0.33"
1,0,"The Lamp",003,64,Amethyst,Rare,"€0.15","€0.62"
7,0,"The Sorcerer's Hat",003,65,Amethyst,Rare,"€0.11","€0.84"
7,1,"Forbidden Mountain - Maleficent's Castle",003,66,Amethyst,Common,"€0.09","€0.15"
6,0,"The Queen's Castle - Mirror Chamber",003,67,Amethyst,Rare,"€5.53","€5.31"
2,1,"The Sorcerer's Tower - Wondrous Workspace",003,68,Amethyst,Uncommon,"€0.09","€0.66"
8,0,"Cubby - Mighty Lost Boy",003,69,Emerald,Common,"€0.09","€0.18"
3,0,"Cursed Merfolk - Ursula's Handiwork",003,70,Emerald,Rare,"€1.99","€3.83"
9,1,"Don Karnage - Prince of Pirates",003,71,Emerald,Common,"€0.09","€0.15"
8,0,"Flotsam - Riffraff",003,72,Emerald,Common,"€0.09","€0.15"
4,0,"Friar Tuck - Priest Of Nottingham",003,73,Emerald,Uncommon,"€0.09","€0.28"
4,0,"Helga Sinclair - Femme Fatale",003,74,Emerald,Super Rare,"€0.15","€1.02"
5,0,"Helga Sinclair - Vengeful Partner",003,75,Emerald,Rare,"€0.11","€0.40"
10,1,"Jetsam - Riffraff",003,76,Emerald,Common,"€0.09","€0.14"
5,1,"Kit Cloudkicker - Tough Guy",003,77,Emerald,Uncommon,"€0.09","€0.27"
4,0,"Lyle Tiberius Rourke - Cunning Mercenary",003,78,Emerald,Super Rare,"€0.15","€0.88"
6,0,"Milo Thatch - Clever Cartographer",003,79,Emerald,Common,"€0.09","€0.14"
3,0,"Milo Thatch - King of Atlantis",003,80,Emerald,Legendary,"€2.29","€2.91"
4,0,"Morph - Space Goo",003,81,Emerald,Rare,"€0.69","€2.58"
3,1,"Peter Pan - Lost Boy Leader",003,82,Emerald,Rare,"€0.11","€0.25"
4,0,"Prince John - Phony King",003,83,Emerald,Uncommon,"€0.09","€0.29"
5,0,"Robin Hood - Daydreamer",003,84,Emerald,Rare,"€0.13","€0.62"
2,0,"Shenzi - Hyena Pack Leader",003,85,Emerald,Super Rare,"€0.15","€0.88"
7,1,"Sir Hiss - Aggravating Asp",003,86,Emerald,Common,"€0.09","€0.15"
7,0,"Skippy - Energetic Rabbit",003,87,Emerald,Common,"€0.09","€0.14"
7,1,"Starkey - Devious Pirate",003,88,Emerald,Uncommon,"€0.09","€0.23"
4,1,"Stitch - Covert Agent",003,89,Emerald,Rare,"€0.14","€0.40"
4,1,"Ursula - Deceiver",003,90,Emerald,Uncommon,"€0.09","€1.10"
0,0,"Ursula - Deceiver of All",003,91,Emerald,Legendary,"€31.66","€47.55"
8,0,"Wildcat - Mechanic",003,92,Emerald,Uncommon,"€0.09","€0.11"
8,1,"Zazu - Steward of the Pride Lands",003,93,Emerald,Common,"€0.09","€0.14"
6,0,"Has Set My Heaaaaaaart . . .",003,94,Emerald,Uncommon,"€0.09","€0.14"
5,0,"I Will Find My Way",003,95,Emerald,Common,"€0.09","€0.14"
7,0,"Strike A Good Match",003,96,Emerald,Common,"€0.09","€0.09"
7,0,"Airfoil",003,97,Emerald,Common,"€0.09","€0.17"
4,0,"Robin's Bow",003,98,Emerald,Uncommon,"€0.09","€0.19"
4,0,"Starlight Vial",003,99,Emerald,Rare,"€0.11","€0.51"
11,2,"De Vil Manor - Cruella's Estate",003,100,Emerald,Common,"€0.09","€0.15"
3,1,"Fang - River City",003,101,Emerald,Rare,"€0.15","€0.83"
5,1,"Kuzco's Palace - Home of the Emperor",003,102,Emerald,Uncommon,"€0.09","€0.20"
4,0,"Ariel - Adventurous Collector",003,103,Ruby,Super Rare,"€0.20","€0.97"
12,0,"Billy Bones - Keeper of the Map",003,104,Ruby,Common,"€0.09","€0.14"
4,0,"Captain Hook - Master Swordsman",003,105,Ruby,Rare,"€0.15","€0.67"
11,0,"Della Duck - Unstoppable Mom",003,106,Ruby,Common,"€0.09","€0.13"
9,0,"HeiHei - Accidental Explorer",003,107,Ruby,Uncommon,"€0.09","€0.23"
0,0,"Hydra - Deadly Serpent",003,108,Ruby,Legendary,"€2.31","€5.77"
1,0,"Jim Hawkins - Space Traveler",003,109,Ruby,Legendary,"€7.82","€14.55"
6,1,"Jim Hawkins - Thrill Seeker",003,110,Ruby,Common,"€0.09","€0.15"
8,1,"Kakamora - Menacing Sailor",003,111,Ruby,Common,"€0.09","€0.15"
4,0,"Madame Medusa - The Boss",003,112,Ruby,Super Rare,"€3.44","€16.17"
5,0,"Maui - Soaring Demigod",003,113,Ruby,Uncommon,"€0.09","€0.19"
5,1,"Maui - Whale",003,114,Ruby,Rare,"€0.15","€0.37"
8,0,"Milo Thatch - Spirited Scholar",003,115,Ruby,Common,"€0.09","€0.14"
3,1,"Moana - Born Leader",003,116,Ruby,Rare,"€0.10","€0.33"
9,1,"Moana - Undeterred Voyager",003,117,Ruby,Common,"€0.09","€0.15"
6,0,"Nutsy - Vulture Henchman",003,118,Ruby,Common,"€0.09","€0.14"
5,0,"Peter Pan - Never Land Hero",003,119,Ruby,Common,"€0.09","€0.15"
3,0,"Peter Pan - Pirate's Bane",003,120,Ruby,Rare,"€0.15","€0.56"
4,0,"Prince Eric - Expert Helmsman",003,121,Ruby,Super Rare,"€0.54","€1.43"
3,0,"Scroop - Backstabber",003,122,Ruby,Uncommon,"€0.09","€0.15"
5,1,"Simba - Scrappy Cub",003,123,Ruby,Rare,"€0.15","€1.06"
8,0,"Slightly - Lost Boy",003,124,Ruby,Uncommon,"€0.09","€0.15"
6,0,"Stitch - Little Rocket",003,125,Ruby,Common,"€0.09","€0.20"
4,0,"Trigger - Not-So-Sharp Shooter",003,126,Ruby,Uncommon,"€0.09","€0.26"
10,0,"Webby Vanderquack - Enthusiastic Duck",003,127,Ruby,Common,"€0.09","€0.15"
2,0,"Divebomb",003,128,Ruby,Uncommon,"€0.09","€0.14"
4,2,"I've Got a Dream",003,129,Ruby,Uncommon,"€0.09","€0.22"
4,1,"On Your Feet! Now!",003,130,Ruby,Rare,"€0.13","€0.34"
8,2,"Voyage",003,131,Ruby,Common,"€0.09","€0.13"
4,1,"Maui's Fish Hook",003,132,Ruby,Rare,"€0.32","€1.32"
7,1,"Sumerian Talisman",003,133,Ruby,Uncommon,"€0.09","€0.15"
9,0,"Agrabah - Marketplace",003,134,Ruby,Common,"€0.09","€0.15"
5,0,"Jolly Roger - Hook's Ship",003,135,Ruby,Uncommon,"€0.09","€0.12"
2,0,"RLS Legacy - Solar Galleon",003,136,Ruby,Rare,"€0.20","€0.70"
3,1,"Audrey Ramirez - The Engineer",003,137,Sapphire,Rare,"€0.11","€0.48"
6,1,"Captain Amelia - First In Command",003,138,Sapphire,Common,"€0.09","€0.14"
8,1,"Dewey - Showy Nephew",003,139,Sapphire,Uncommon,"€0.09","€0.21"
7,0,"Flintheart Glomgold - Lone Cheater",003,140,Sapphire,Uncommon,"€0.09","€0.25"
4,0,"Genie - Cramped in the Lamp",003,141,Sapphire,Uncommon,"€0.09","€0.25"
9,1,"Gramma Tala - Keeper of Ancient Stories",003,142,Sapphire,Common,"€0.09","€0.38"
2,1,"Gramma Tala - Spirit of the Ocean",003,143,Sapphire,Legendary,"€3.60","€6.28"
4,0,"Gyro Gearloose - Gadget Whiz",003,144,Sapphire,Rare,"€0.10","€0.39"
3,0,"Huey - Savvy Nephew",003,145,Sapphire,Rare,"€0.15","€0.37"
5,0,"King Louie - Bandleader",003,146,Sapphire,Common,"€0.09","€0.15"
5,0,"Kit Cloudkicker - Navigator",003,147,Sapphire,Uncommon,"€0.09","€0.26"
7,1,"Kit Cloudkicker - Spunky Bear Cub",003,148,Sapphire,Common,"€0.09","€0.15"
10,0,"Louie - Chill Nephew",003,149,Sapphire,Common,"€0.09","€0.19"
9,1,"Maid Marian - Delightful Dreamer",003,150,Sapphire,Common,"€0.09","€0.15"
3,1,"Mama Odie - Mystical Maven",003,151,Sapphire,Rare,"€0.12","€0.52"
8,1,"Pluto - Mickey's Clever Friend",003,152,Sapphire,Common,"€0.09","€0.15"
7,0,"Rufus - Orphanage Cat",003,153,Sapphire,Common,"€0.09","€0.16"
3,1,"Scrooge McDuck - Richest Duck in the World",003,154,Sapphire,Super Rare,"€0.15","€0.61"
5,1,"Scrooge Mcduck - Uncle Moneybags",003,155,Sapphire,Uncommon,"€0.09","€0.42"
5,0,"The Queen - Mirror Seeker",003,156,Sapphire,Uncommon,"€0.09","€0.15"
1,1,"Tinker Bell - Very Clever Fairy",003,157,Sapphire,Super Rare,"€0.15","€0.25"
4,1,"Wendy Darling - Authority on Peter Pan",003,158,Sapphire,Super Rare,"€0.15","€0.87"
5,0,"Distract",003,159,Sapphire,Common,"€0.09","€0.12"
1,2,"Friend Like Me",003,160,Sapphire,Rare,"€0.13","€0.69"
5,0,"How Far I'll Go",003,161,Sapphire,Uncommon,"€0.09","€0.36"
8,0,"Repair",003,162,Sapphire,Common,"€0.09","€0.15"
5,0,"Aurelian Gyrosensor",003,163,Sapphire,Rare,"€0.15","€0.55"
4,0,"Heart of Te Fiti",003,164,Sapphire,Rare,"€0.15","€0.71"
2,1,"Lucky Dime",003,165,Sapphire,Legendary,"€12.06","€15.01"
4,0,"Scrooge's Top Hat",003,166,Sapphire,Uncommon,,
8,0,"Vault Door",003,167,Sapphire,Common,,
2,0,"Belle's House - Maurice's Workshop",003,168,Sapphire,Rare,"€0.15","€0.61"
7,0,"McDuck Manor - Scrooge's Mansion",003,169,Sapphire,Common,"€0.09","€0.28"
8,1,"Motunui - Island Paradise",003,170,Sapphire,Uncommon,"€0.09","€0.24"
6,0,"Chief Tui - Proud of Motunui",003,171,Steel,Common,"€0.09","€0.14"
5,0,"Eeyore - Overstuffed Donkey",003,172,Steel,Common,"€0.09","€0.15"
4,0,"Gustav The Giant - Terror of the Kingdom",003,173,Steel,Rare,"€0.15","€0.18"
5,0,"Hades - Hotheaded Ruler",003,174,Steel,Rare,"€0.11","€0.70"
5,1,"Helga Sinclair - Right-Hand Woman",003,175,Steel,Common,"€0.09","€0.14"
4,0,"John Silver - Greedy Treasure Seeker",003,176,Steel,Rare,"€0.18","€1.11"
12,1,"Kida - Royal Warrior",003,177,Steel,Common,"€0.09","€0.14"
3,0,"Little John - Resourceful Outlaw",003,178,Steel,Super Rare,"€0.15","€0.81"
4,0,"Little John - Robin's Pal",003,179,Steel,Uncommon,"€0.09","€0.18"
7,0,"Lythos - Rock Titan",003,180,Steel,Uncommon,"€0.09","€0.22"
11,0,"Mickey Mouse - Stalwart Explorer",003,181,Steel,Common,"€0.09","€0.16"
1,0,"Mickey Mouse - Trumpeter",003,182,Steel,Legendary,"€3.07","€5.91"
6,1,"Minnie Mouse - Funky Spelunker",003,183,Steel,Common,"€0.09","€0.15"
3,0,"Mr. Smee - Bumbling Mate",003,184,Steel,Uncommon,"€0.09","€0.94"
4,0,"Mufasa - Champion of the Pride Lands",003,185,Steel,Rare,"€0.10","€0.46"
5,0,"Nala - Fierce Friend",003,186,Steel,Uncommon,"€0.09","€0.25"
4,0,"Pyros - Lava Titan",003,187,Steel,Rare,"€0.15","€0.57"
7,1,"Razoul - Palace Guard",003,188,Steel,Common,"€0.09","€0.14"
8,0,"Robin Hood - Beloved Outlaw",003,189,Steel,Common,"€0.09","€0.39"
0,0,"Robin Hood - Champion of Sherwood",003,190,Steel,Legendary,"€46.07","€49.85"
2,0,"Sheriff of Nottingham - Corrupt Official",003,191,Steel,Super Rare,"€0.16","€1.03"
3,0,"Simba - Fighting Prince",003,192,Steel,Super Rare,"€0.15","€1.62"
4,1,"Simba - Rightful King",003,193,Steel,Uncommon,"€0.09","€0.20"
5,0,"Thaddeus E. Klang - Metallic Leader",003,194,Steel,Uncommon,"€0.09","€0.15"
4,0,"And Then Along Came Zeus",003,195,Steel,Rare,"€4.20","€5.09"
6,1,"Ba-boom!",003,196,Steel,Common,"€0.09","€0.20"
6,1,"Olympus Would Be That Way",003,197,Steel,Common,"€0.09","€0.16"
5,1,"Rise of the Titans",003,198,Steel,Uncommon,"€0.09","€0.43"
4,0,"Captain Hook's Rapier",003,199,Steel,Uncommon,"€0.09","€0.20"
7,0,"Gizmosuit",003,200,Steel,Common,"€0.09","€0.12"
3,0,"Map of Treasure Planet",003,201,Steel,Rare,"€0.15","€0.47"
4,0,"Maui's Place of Exile - Hidden Island",003,202,Steel,Rare,"€0.11","€0.49"
6,0,"Nottingham - Prince John's Castle",003,203,Steel,Common,"€0.09","€0.15"
5,0,"The Bayou - Mysterious Swamp",003,204,Steel,Uncommon,"€0.09","€0.27"
1,0,"Piglet - Pooh Pirate Captain",003,223,Amber,Super Rare,,
6,1,"Agustin Madrigal - Clumsy Dad",004,1,Amber,Common,"€0.09","€0.12"
1,0,"Alma Madrigal - Family Matriarch",004,2,Amber,Rare,"€0.19","€0.56"
3,1,"Ariel - Singing Mermaid",004,3,Amber,Rare,"€0.20","€1.52"
0,0,"Cinderella - Melody Weaver",004,4,Amber,Legendary,"€3.69","€8.35"
3,2,"Cogsworth - Majordomo",004,5,Amber,Common,"€0.09","€0.12"
3,0,"Daisy Duck - Lovely Lady",004,6,Amber,Uncommon,"€0.09","€0.29"
4,0,"Daisy Duck - Musketeer Spy",004,7,Amber,Common,"€0.09","€0.23"
2,0,"Donald Duck - Musketeer Soldier",004,8,Amber,Uncommon,"€0.10","€0.58"
4,0,"Félix Madrigal - Fun-Loving Family Man",004,9,Amber,Uncommon,"€0.09","€0.34"
2,0,"Gaston - Despicable Dealer",004,10,Amber,Super Rare,"€0.38","€1.37"
1,0,"Golden Harp - Enchanter of the Land",004,11,Amber,Rare,"€0.09","€0.55"
1,0,"Goofy - Musketeer Swordsman",004,12,Amber,Rare,"€0.09","€0.30"
5,0,"Julieta Madrigal - Excellent Cook",004,13,Amber,Uncommon,"€0.09","€0.83"
5,0,"Max - Loyal Sheepdog",004,14,Amber,Common,"€0.09","€0.19"
7,0,"Mickey Mouse - Leader of the Band",004,15,Amber,Uncommon,"€0.09","€0.46"
1,0,"Mickey Mouse - Musketeer Captain",004,16,Amber,Legendary,"€3.17","€7.18"
3,0,"Minnie Mouse - Musketeer Champion",004,17,Amber,Super Rare,"€0.18","€0.85"
1,1,"Mirabel Madrigal - Gift of the Family",004,18,Amber,Super Rare,"€0.25","€0.40"
5,1,"Mirabel Madrigal - Prophecy Finder",004,19,Amber,Common,"€0.09","€0.15"
3,0,"Pluto - Rescue Dog",004,20,Amber,Common,"€0.09","€0.15"
7,0,"Prince Eric - Seafaring Prince",004,21,Amber,Common,"€0.09","€0.29"
1,0,"Prince Eric - Ursula's Groom",004,22,Amber,Uncommon,"€0.09","€0.61"
7,0,"Stitch - Alien Dancer",004,23,Amber,Common,"€0.09","€0.23"
1,0,"Ursula - Eric's Bride",004,24,Amber,Rare,"€0.30","€1.84"
4,0,"Ursula - Vanessa",004,25,Amber,Common,"€0.09","€0.23"
4,0,"Bruno's Return",004,26,Amber,Uncommon,"€0.09","€0.41"
4,0,"First Aid",004,27,Amber,Common,"€0.09","€0.12"
3,0,"Look At This Family",004,28,Amber,Rare,"€0.32","€1.40"
5,0,"Lost In The Woods",004,29,Amber,Uncommon,"€0.09","€0.39"
3,2,"Sign The Scroll",004,30,Amber,Uncommon,"€0.09","€0.29"
1,0,"Miracle Candle",004,31,Amber,Rare,"€0.15","€0.61"
5,0,"Record Player",004,32,Amber,Common,"€0.09","€0.26"
4,0,"Atlantica - Concert Hall",004,33,Amber,Common,"€0.09","€0.22"
1,0,"The Underworld - River Styx",004,34,Amber,Rare,"€0.15","€0.39"
4,0,"Antonio Madrigal - Animal Expert",004,35,Amethyst,Uncommon,"€0.09","€0.39"
0,1,"Belle - Accomplished Mystic",004,36,Amethyst,Super Rare,"€0.29","€1.02"
6,0,"Belle - Untrained Mystic",004,37,Amethyst,Common,"€0.09","€0.23"
2,1,"Bruno Madrigal - Out of the Shadows",004,38,Amethyst,Rare,"€0.09","€0.26"
1,0,"Bruno Madrigal - Undetected Uncle",004,39,Amethyst,Super Rare,"€0.45","€1.51"
4,0,"Camilo Madrigal - Prankster",004,40,Amethyst,Uncommon,"€0.09","€0.40"
6,0,"Dolores Madrigal - Easy Listener",004,41,Amethyst,Common,"€0.09","€0.29"
2,0,"Elsa - Storm Chaser",004,42,Amethyst,Rare,"€0.15","€0.54"
3,0,"Flotsam - Ursula's "Baby"",004,43,Amethyst,Uncommon,"€0.09","€0.35"
4,1,"Flotsam & Jetsam - Entangling Eels",004,44,Amethyst,Uncommon,"€0.09","€0.29"
3,1,"Isabela Madrigal - Golden Child",004,45,Amethyst,Rare,"€0.23","€1.36"
3,1,"Jetsam - Ursula's "Baby"",004,46,Amethyst,Common,"€0.09","€0.15"
7,0,"Luisa Madrigal - Magically Strong One",004,47,Amethyst,Common,"€0.09","€0.20"
7,0,"Magic Broom - Illuminary Keeper",004,48,Amethyst,Common,"€0.11","€0.23"
6,1,"Magic Broom - Lively Sweeper",004,49,Amethyst,Common,"€0.09","€0.23"
2,0,"Magical Maid - Feather Duster",004,50,Amethyst,Uncommon,"€0.09","€0.46"
6,0,"Marshmallow - Terrifying Snowman",004,51,Amethyst,Uncommon,"€0.09","€0.27"
1,0,"Mrs. Potts - Enchanted Teapot",004,52,Amethyst,Rare,"€0.15","€0.46"
3,0,"Pepa Madrigal - Weather Maker",004,53,Amethyst,Rare,"€0.15","€0.58"
2,0,"Peter Pan - Shadow Finder",004,54,Amethyst,Super Rare,"€0.36","€1.33"
2,0,"Pico - Helpful Toucan",004,55,Amethyst,Common,"€0.09","€0.18"
6,1,"Tick-Tock - Ever-Present Pursuer",004,56,Amethyst,Common,"€0.09","€0.22"
1,0,"Ursula - Mad Sea Witch",004,57,Amethyst,Uncommon,"€0.10","€0.40"
0,0,"Ursula - Sea Witch Queen",004,58,Amethyst,Legendary,"€12.51","€14.97"
2,0,"Yen Sid - Powerful Sorcerer",004,59,Amethyst,Legendary,"€11.89","€16.36"
5,0,"Poor Unfortunate Souls",004,60,Amethyst,Common,"€0.09","€0.25"
3,0,"Second Star To The Right",004,61,Amethyst,Rare,"€0.23","€0.34"
2,0,"Swing Into Action",004,62,Amethyst,Common,"€0.09","€0.23"
1,0,"Ursula's Plan",004,63,Amethyst,Uncommon,"€0.09","€0.45"
1,0,"Mystical Rose",004,64,Amethyst,Rare,"€0.15","€0.63"
4,0,"Rose Lantern",004,65,Amethyst,Common,"€0.09","€0.24"
4,0,"Triton's Trident",004,66,Amethyst,Uncommon,"€0.09","€0.29"
6,0,"Casa Madrigal - Casita",004,67,Amethyst,Common,"€0.09","€0.15"
0,0,"Ursula's Lair - Eye of the Storm",004,68,Amethyst,Rare,"€0.15","€0.70"
2,0,"Cri-Kee - Lucky Cricket",004,69,Emerald,Rare,"€0.30","€1.08"
0,0,"Diablo - Devoted Herald",004,70,Emerald,Legendary,"€54.99","€72.43"
4,0,"Diablo - Maleficent's Spy",004,71,Emerald,Common,"€0.09","€0.27"
4,0,"Gunther - Interior Designer",004,72,Emerald,Common,"€0.09","€0.15"
3,0,"Gus - Champion of Cheese",004,73,Emerald,Common,"€0.09","€0.15"
1,0,"Hades - Double Dealer",004,74,Emerald,Legendary,"€3.45","€8.34"
3,0,"HeiHei - Bumbling Rooster",004,75,Emerald,Uncommon,"€0.09","€0.61"
2,0,"Hera - Queen of the Gods",004,76,Emerald,Rare,"€0.15","€0.45"
4,0,"Jaq - Connoisseur of Climbing",004,77,Emerald,Common,"€0.09","€0.20"
0,0,"Jasmine - Desert Warrior",004,78,Emerald,Rare,"€0.20","€0.91"
4,0,"Megara - Captivating Cynic",004,79,Emerald,Common,"€0.09","€0.22"
4,0,"Megara - Liberated One",004,80,Emerald,Uncommon,"€0.09","€0.54"
1,0,"Pain - Immortal Sidekick",004,81,Emerald,Uncommon,"€0.09","€0.61"
4,0,"Panic - Immortal Sidekick",004,82,Emerald,Uncommon,"€0.09","€0.43"
1,0,"Pegasus - Cloud Racer",004,83,Emerald,Uncommon,"€0.26","€3.70"
4,1,"Pegasus - Gift for Hercules",004,84,Emerald,Common,"€0.09","€0.32"
1,0,"Pete - Born to Cheat",004,85,Emerald,Super Rare,"€0.10","€0.62"
2,0,"Pete - Rotten Guy",004,86,Emerald,Uncommon,"€0.09","€0.31"
0,0,"Prince Phillip - Vanquisher of Foes",004,87,Emerald,Super Rare,"€0.17","€1.04"
1,0,"Prince Phillip - Warden of the Woods",004,88,Emerald,Rare,"€0.15","€0.48"
4,0,"The Fates - Only One Eye",004,89,Emerald,Common,"€0.09","€0.23"
1,0,"The Muses - Proclaimers of Heroes",004,90,Emerald,Rare,"€0.21","€1.28"
4,1,"Tor - Florist",004,91,Emerald,Common,"€0.09","€0.15"
2,0,"Zeus - Mr. Lightning Bolts",004,92,Emerald,Super Rare,"€0.24","€0.81"
2,0,"Dodge!",004,93,Emerald,Common,"€0.09","€0.22"
5,0,"Make The Potion",004,94,Emerald,Common,"€0.09","€0.18"
1,0,"Under The Sea",004,95,Emerald,Rare,"€0.40","€1.03"
1,0,"Ursula's Trickery",004,96,Emerald,Uncommon,"€0.09","€0.33"
2,0,"We Don't Talk About Bruno",004,97,Emerald,Rare,"€1.10","€4.30"
4,1,"Hidden Inkcaster",004,98,Emerald,Common,"€0.09","€0.19"
4,0,"Signed Contract",004,99,Emerald,Uncommon,"€0.09","€0.29"
2,0,"Vision Slab",004,100,Emerald,Uncommon,"€0.09","€0.43"
5,1,"Hidden Cove - Tranquil Haven",004,101,Emerald,Common,"€0.09","€0.15"
1,0,"Ursula's Garden - Full of the Unfortunate",004,102,Emerald,Rare,"€0.15","€0.63"
2,0,"Beast - Wounded",004,103,Ruby,Uncommon,"€0.09","€1.00"
5,0,"Benja - Bold Uniter",004,104,Ruby,Common,"€0.09","€0.15"
3,1,"Fa Zhou - Mulan's Father",004,105,Ruby,Common,"€0.09","€0.12"
1,0,"Flynn Rider - Frenemy",004,106,Ruby,Super Rare,"€5.23","€5.16"
3,0,"Goofy - Super Goof",004,107,Ruby,Rare,"€0.78","€3.69"
5,1,"Hercules - Clumsy Kid",004,108,Ruby,Common,"€0.09","€0.23"
2,0,"Hercules - Daring Demigod",004,109,Ruby,Uncommon,"€0.09","€0.64"
4,0,"Khan - Beloved Steed",004,110,Ruby,Uncommon,"€0.09","€0.29"
5,0,"Li Shang - General's Son",004,111,Ruby,Common,"€0.09","€0.15"
3,0,"Li Shang - Valorous General",004,112,Ruby,Uncommon,"€0.09","€0.34"
2,1,"Lumiere - Fiery Friend",004,113,Ruby,Rare,"€0.25","€1.08"
0,0,"Mulan - Elite Archer",004,114,Ruby,Legendary,"€10.97","€10.97"
5,0,"Mulan - Enemy of Entanglement",004,115,Ruby,Uncommon,"€0.09","€0.33"
8,0,"Mulan - Injured Soldier",004,116,Ruby,Common,"€0.09","€0.33"
4,0,"Namaari - Heir of Fang",004,117,Ruby,Rare,"€0.15","€0.30"
1,0,"Nessus - River Guardian",004,118,Ruby,Uncommon,"€0.09","€0.32"
0,0,"Noi - Acrobatic Baby",004,119,Ruby,Super Rare,"€0.15","€0.63"
7,0,"Pegasus - Flying Steed",004,120,Ruby,Common,"€0.09","€0.14"
2,0,"Raya - Fierce Protector",004,121,Ruby,Super Rare,"€0.15","€0.71"
2,1,"Raya - Guardian of the Dragon Gem",004,122,Ruby,Common,"€0.09","€0.16"
2,0,"Sisu - Daring Visitor",004,123,Ruby,Uncommon,"€0.15","€2.15"
1,0,"Sisu - Emboldened Warrior",004,124,Ruby,Rare,"€4.25","€10.38"
1,0,"Sisu - Empowered Sibling",004,125,Ruby,Legendary,"€36.39","€42.52"
3,0,"Tong - Survivor",004,126,Ruby,Common,"€0.09","€0.17"
1,0,"Tuk Tuk - Lively Partner",004,127,Ruby,Rare,"€0.27","€0.55"
3,0,"A Pirate's Life",004,128,Ruby,Uncommon,"€0.09","€0.51"
2,0,"Be King Undisputed",004,129,Ruby,Rare,"€1.12","€2.63"
3,0,"Brawl",004,130,Ruby,Common,"€0.09","€0.32"
0,0,"Imperial Proclamation",004,131,Ruby,Rare,"€0.15","€0.59"
4,0,"Medallion Weights",004,132,Ruby,Uncommon,"€0.09","€0.46"
3,0,"The Plank",004,133,Ruby,Common,"€0.09","€0.17"
7,0,"Vitalisphere",004,134,Ruby,Common,"€0.09","€0.23"
1,0,"Snuggly Duckling - Disreputable Pub",004,135,Ruby,Rare,"€0.14","€0.88"
4,0,"Training Grounds - Impossible Pillar",004,136,Ruby,Common,"€0.09","€0.17"
6,0,"Anna - Braving the Storm",004,137,Sapphire,Common,"€0.09","€0.29"
1,2,"Anna - True-Hearted",004,138,Sapphire,Super Rare,"€0.47","€1.22"
1,0,"Ariel - Treasure Collector",004,139,Sapphire,Super Rare,"€0.56","€2.83"
2,0,"Aurora - Lore Guardian",004,140,Sapphire,Super Rare,"€0.32","€1.33"
5,0,"Aurora - Tranquil Princess",004,141,Sapphire,Common,"€0.09","€0.22"
1,0,"Dang Hu - Talon Chief",004,142,Sapphire,Rare,"€0.09","€0.61"
4,0,"Fa Li - Mulan's Mother",004,143,Sapphire,Common,"€0.09","€0.15"
4,0,"Flounder - Collector's Companion",004,144,Sapphire,Uncommon,"€0.09","€0.29"
3,0,"Hades - Meticulous Plotter",004,145,Sapphire,Uncommon,"€0.09","€0.39"
4,1,"Hans - Noble Scoundrel",004,146,Sapphire,Common,"€0.09","€0.15"
3,0,"Iduna - Caring Mother",004,147,Sapphire,Uncommon,"€0.09","€0.29"
1,0,"John Silver - Terror of the Realm",004,148,Sapphire,Rare,"€0.15","€0.51"
1,1,"Olaf - Carrot Enthusiast",004,149,Sapphire,Uncommon,"€0.09","€0.51"
5,0,"Olaf - Trusting Companion",004,150,Sapphire,Common,"€0.09","€0.23"
6,0,"Pascal - Inquisitive Pet",004,151,Sapphire,Common,"€0.09","€0.15"
3,0,"Prince Phillip - Gallant Defender",004,152,Sapphire,Rare,"€0.11","€0.59"
2,0,"Rapunzel - Appreciative Artist",004,153,Sapphire,Rare,"€0.15","€0.59"
3,0,"Scuttle - Expert on Humans",004,154,Sapphire,Uncommon,"€0.26","€3.83"
5,0,"Sisu - Wise Friend",004,155,Sapphire,Uncommon,"€0.09","€0.29"
0,0,"The Queen - Diviner",004,156,Sapphire,Legendary,"€4.70","€7.44"
5,0,"Transformed Chef - Castle Stove",004,157,Sapphire,Common,"€0.09","€0.12"
2,0,"Triton - Champion of Atlantica",004,158,Sapphire,Legendary,"€2.15","€5.24"
0,0,"Triton - Discerning King",004,159,Sapphire,Rare,"€0.15","€0.53"
1,0,"Triton - Young Prince",004,160,Sapphire,Uncommon,"€0.09","€0.40"
5,0,"Tuk Tuk - Curious Partner",004,161,Sapphire,Common,"€0.09","€0.26"
5,0,"Dig A Little Deeper",004,162,Sapphire,Uncommon,"€0.09","€0.33"
3,1,"Glean",004,163,Sapphire,Common,"€0.09","€0.12"
5,1,"Seldom All They Seem",004,164,Sapphire,Common,"€0.09","€0.19"
1,0,"Treasures Untold",004,165,Sapphire,Rare,"€0.16","€0.38"
1,0,"Field Of Ice",004,166,Sapphire,Rare,"€0.09","€0.63"
3,0,"Great Stone Dragon",004,167,Sapphire,Uncommon,"€0.15","€0.59"
3,0,"Ice Block",004,168,Sapphire,Common,"€0.09","€0.32"
1,0,"Ariel's Grotto - A Secret Place",004,169,Sapphire,Rare,"€0.15","€0.51"
4,0,"Winter Camp - Medical Tent",004,170,Sapphire,Common,"€0.09","€0.15"
3,0,"Aladdin - Brave Rescuer",004,171,Steel,Uncommon,"€0.15","€1.65"
8,1,"Aladdin - Resolute Swordsman",004,172,Steel,Common,"€0.09","€0.12"
5,0,"Arges - The Cyclops",004,173,Steel,Common,"€0.09","€0.13"
6,0,"Ariel - Determined Mermaid",004,174,Steel,Common,"€0.09","€0.12"
2,0,"Ariel - Sonic Warrior",004,175,Steel,Super Rare,"€0.87","€3.04"
4,1,"Beast - Thick-Skinned",004,176,Steel,Common,"€0.09","€0.12"
2,0,"Chi-Fu - Imperial Advisor",004,177,Steel,Uncommon,"€0.09","€0.61"
3,1,"Chien-Po - Imperial Soldier",004,178,Steel,Common,"€0.09","€0.12"
0,0,"Donald Duck - Buccaneer",004,179,Steel,Legendary,"€3.08","€7.31"
2,1,"Hercules - Beloved Hero",004,180,Steel,Rare,"€0.22","€0.64"
0,0,"LeFou - Opportunistic Flunky",004,181,Steel,Rare,"€0.23","€0.55"
5,0,"Li Shang - Imperial Captain",004,182,Steel,Uncommon,"€0.09","€0.33"
4,0,"Ling - Imperial Soldier",004,183,Steel,Uncommon,"€0.09","€0.42"
1,2,"Luisa Madrigal - Rock of the Family",004,184,Steel,Common,"€0.09","€0.12"
6,0,"Magic Broom - Aerial Cleaner",004,185,Steel,Common,"€0.09","€0.15"
2,0,"Magic Broom - Brigade Commander",004,186,Steel,Super Rare,"€0.43","€0.88"
1,0,"Mickey Mouse - Playful Sorcerer",004,187,Steel,Rare,"€0.31","€1.33"
7,1,"Mickey Mouse - Standard Bearer",004,188,Steel,Common,"€0.09","€0.13"
6,0,"Mulan - Armored Fighter",004,189,Steel,Uncommon,"€0.09","€0.16"
2,0,"Philoctetes - No-Nonsense Instructor",004,190,Steel,Rare,"€0.31","€1.13"
0,0,"Piglet - Sturdy Swordsman",004,191,Steel,Legendary,"€3.17","€7.30"
2,0,"Rajah - Royal Protector",004,192,Steel,Rare,"€0.14","€0.55"
3,1,"Raya - Unstoppable Force",004,193,Steel,Super Rare,"€0.15","€0.97"
4,0,"Yao - Imperial Soldier",004,194,Steel,Common,"€0.09","€0.12"
4,0,"Avalanche",004,195,Steel,Uncommon,"€0.09","€0.61"
3,0,"I Find 'Em, I Flatten 'Em",004,196,Steel,Uncommon,"€0.09","€0.66"
4,0,"One Last Hope",004,197,Steel,Rare,"€0.13","€0.70"
4,1,"The Mob Song",004,198,Steel,Uncommon,"€0.09","€0.39"
3,1,"Triton's Decree",004,199,Steel,Common,"€0.09","€0.15"
5,1,"Fortisphere",004,200,Steel,Common,"€0.11","€0.27"
4,1,"Imperial Bow",004,201,Steel,Uncommon,"€0.09","€0.33"
1,0,"RLS Legacy's Cannon",004,202,Steel,Rare,"€0.18","€0.55"
3,1,"The Wall - Border Fortress",004,203,Steel,Rare,"€0.13","€0.68"
7,1,"Thebes - The Big Olive",004,204,Steel,Common,"€0.09","€0.13"
1,0,"Yen Sid - Powerful Sorcerer",004,223,Amethyst,Legendary,"€12.24","€12.17"
1,0,"Mulan - Elite Archer",004,224,Ruby,Legendary,,
1,0,"Mickey Mouse - Playful Sorcerer",004,225,Steel,Rare,"€9.24","€9.24"
